method,space,k,silhouette,calinski_harabasz,davies_bouldin
K-Means 73D (k=7),73D,7,0.1333293462331129,12082.86669256211,1.7578043935437226
iK-Means 73D (k=3),73D,3,0.10206577919253913,12214.217239124644,2.43584015090401
Ward 73D (k=2),73D,2,0.4495983045981493,11088.264534071586,1.1888049685234237
GMM 73D (k=2),73D,2,0.02573581963945237,2630.9217040633675,6.221526021808281
K-Means UMAP-20D (k=7),UMAP-20D,7,0.4035906195640564,22569.992593040202,1.5372387254752926
