method,k,silhouette,calinski_harabasz,davies_bouldin
K-Means (k=7),7,0.1333293462331129,12082.86669256211,1.7578043935437226
iK-Means (k=3),3,0.10206577919253913,12214.217239124644,2.43584015090401
